Alternative,0
ITA,3.25
BEL,-3.75
GER,-3.3499999999999996
SWE,-0.9000000000000001
AUT,2.85
FRA,1.9000000000000001
